UserInput,ProductTag
Хочу что-то острое,Spicy
Можно что-нибудь сладкое,Sweet
Что-нибудь клубничное,Strawberry
Дайте шоколад,Chocolate
Я веган,Vegan
Без глютена пожалуйста,Gluten Free
Хочу что-нибудь горячее,Hot
Что-то холодное,Cold
Есть ли алкогольное?,Alcoholic
Хочу безалкогольное,Non-Alcoholic
Acılı bir şey istiyorum,Spicy
Şirin tatlı istiyorum,Sweet
Çiyələkli içki istəyirəm,Strawberry
Şokoladlı bir şey istəyirəm,Chocolate
Mən veganam,Vegan
Qlütensiz yemək istəyirəm,Gluten Free
İsti yemək istəyirəm,Hot
Soyuq bir şey istəyirəm,Cold
Alkoqollu içki istəyirəm,Alcoholic
Alkoqolsuz içki istəyirəm,Non-Alcoholic
Острое блюдо пожалуйста,Spicy
Что-нибудь сладенькое,Sweet
Есть что-то с клубникой?,Strawberry
Хочу шоколадный десерт,Chocolate
У вас есть веганское меню?,Vegan
Есть ли у вас безглютеновая еда?,Gluten Free
Принесите горячее блюдо,Hot
Освежите меня чем-то холодным,Cold
Хочу коктейль с алкоголем,Alcoholic
Можно напиток без алкоголя?,Non-Alcoholic
